{
    "model.0.conv": {
        "input_scale": 0.007874015748031496,
        "input_zero_point": 0,
        "weight_scale": 0.18047202102781282,
        "weight_zero_point": 0
    },
    "model.1.conv": {
        "input_scale": 0.6721381840743418,
        "input_zero_point": 0,
        "weight_scale": 0.013158733450521634,
        "weight_zero_point": 0
    },
    "model.2.cv1.conv": {
        "input_scale": 1.2046628937007875,
        "input_zero_point": 0,
        "weight_scale": 0.011429588625750204,
        "weight_zero_point": 0
    },
    "model.2.cv2.conv": {
        "input_scale": 0.5393473707784818,
        "input_zero_point": 0,
        "weight_scale": 0.007658984248093733,
        "weight_zero_point": 0
    },
    "model.2.m.0.cv1.conv": {
        "input_scale": 0.35350535235067054,
        "input_zero_point": 0,
        "weight_scale": 0.0018628765278913843,
        "weight_zero_point": 0
    },
    "model.2.m.0.cv2.conv": {
        "input_scale": 0.03853680017426258,
        "input_zero_point": 0,
        "weight_scale": 0.08174781348761612,
        "weight_zero_point": 0
    },
    "model.3.conv": {
        "input_scale": 0.21938408078171137,
        "input_zero_point": 0,
        "weight_scale": 0.0024272696239741767,
        "weight_zero_point": 0
    },
    "model.4.cv1.conv": {
        "input_scale": 0.0925649207408034,
        "input_zero_point": 0,
        "weight_scale": 0.00833394583754652,
        "weight_zero_point": 0
    },
    "model.4.cv2.conv": {
        "input_scale": 0.07673786193367065,
        "input_zero_point": 0,
        "weight_scale": 0.006948709957242951,
        "weight_zero_point": 0
    },
    "model.4.m.0.cv1.conv": {
        "input_scale": 0.04655316120057594,
        "input_zero_point": 0,
        "weight_scale": 0.005605980167238731,
        "weight_zero_point": 0
    },
    "model.4.m.0.cv2.conv": {
        "input_scale": 0.03625019328800712,
        "input_zero_point": 0,
        "weight_scale": 0.008232841341514287,
        "weight_zero_point": 0
    },
    "model.5.conv": {
        "input_scale": 0.057174945440818005,
        "input_zero_point": 0,
        "weight_scale": 0.0023509308578461173,
        "weight_zero_point": 0
    },
    "model.6.cv1.conv": {
        "input_scale": 0.06161365358848271,
        "input_zero_point": 0,
        "weight_scale": 0.01013686243943342,
        "weight_zero_point": 0
    },
    "model.6.cv2.conv": {
        "input_scale": 0.09566801927221102,
        "input_zero_point": 0,
        "weight_scale": 0.005892245318945937,
        "weight_zero_point": 0
    },
    "model.6.m.0.cv1.conv": {
        "input_scale": 0.07809068274310255,
        "input_zero_point": 0,
        "weight_scale": 0.003950387004792221,
        "weight_zero_point": 0
    },
    "model.6.m.0.cv2.conv": {
        "input_scale": 0.07809068274310255,
        "input_zero_point": 0,
        "weight_scale": 0.009974949003204586,
        "weight_zero_point": 0
    },
    "model.6.m.0.cv3.conv": {
        "input_scale": 0.13320888309028206,
        "input_zero_point": 0,
        "weight_scale": 0.00521850304340753,
        "weight_zero_point": 0
    },
    "model.6.m.0.m.0.cv1.conv": {
        "input_scale": 0.04430634581197904,
        "input_zero_point": 0,
        "weight_scale": 0.004583033989733598,
        "weight_zero_point": 0
    },
    "model.6.m.0.m.0.cv2.conv": {
        "input_scale": 0.0651701829564853,
        "input_zero_point": 0,
        "weight_scale": 0.004386481337659941,
        "weight_zero_point": 0
    },
    "model.6.m.0.m.1.cv1.conv": {
        "input_scale": 0.08656198396457462,
        "input_zero_point": 0,
        "weight_scale": 0.002709798690840954,
        "weight_zero_point": 0
    },
    "model.6.m.0.m.1.cv2.conv": {
        "input_scale": 0.06176057575255867,
        "input_zero_point": 0,
        "weight_scale": 0.007709987989560825,
        "weight_zero_point": 0
    },
    "model.7.conv": {
        "input_scale": 0.1058473511943667,
        "input_zero_point": 0,
        "weight_scale": 0.0028580971590177282,
        "weight_zero_point": 0
    },
    "model.8.cv1.conv": {
        "input_scale": 0.08183284068670799,
        "input_zero_point": 0,
        "weight_scale": 0.015063641578193725,
        "weight_zero_point": 0
    },
    "model.8.cv2.conv": {
        "input_scale": 0.16907149787962905,
        "input_zero_point": 0,
        "weight_scale": 0.005759559278413067,
        "weight_zero_point": 0
    },
    "model.8.m.0.cv1.conv": {
        "input_scale": 0.1298182630163478,
        "input_zero_point": 0,
        "weight_scale": 0.008733714659382977,
        "weight_zero_point": 0
    },
    "model.8.m.0.cv2.conv": {
        "input_scale": 0.1298182630163478,
        "input_zero_point": 0,
        "weight_scale": 0.006825387477874756,
        "weight_zero_point": 0
    },
    "model.8.m.0.cv3.conv": {
        "input_scale": 0.20468693830835538,
        "input_zero_point": 0,
        "weight_scale": 0.0051943415731895625,
        "weight_zero_point": 0
    },
    "model.8.m.0.m.0.cv1.conv": {
        "input_scale": 0.1129500696978231,
        "input_zero_point": 0,
        "weight_scale": 0.006240664504644439,
        "weight_zero_point": 0
    },
    "model.8.m.0.m.0.cv2.conv": {
        "input_scale": 0.11737544893279789,
        "input_zero_point": 0,
        "weight_scale": 0.0033212909548301396,
        "weight_zero_point": 0
    },
    "model.8.m.0.m.1.cv1.conv": {
        "input_scale": 0.12926876638817975,
        "input_zero_point": 0,
        "weight_scale": 0.0032823294635832777,
        "weight_zero_point": 0
    },
    "model.8.m.0.m.1.cv2.conv": {
        "input_scale": 0.09110421458567221,
        "input_zero_point": 0,
        "weight_scale": 0.007666779315377783,
        "weight_zero_point": 0
    },
    "model.9.cv1.conv": {
        "input_scale": 0.12215311696210246,
        "input_zero_point": 0,
        "weight_scale": 0.007100216516359585,
        "weight_zero_point": 0
    },
    "model.9.cv2.conv": {
        "input_scale": 0.08749421187273161,
        "input_zero_point": 0,
        "weight_scale": 0.00453457963748241,
        "weight_zero_point": 0
    },
    "model.10.cv1.conv": {
        "input_scale": 0.043435415883702554,
        "input_zero_point": 0,
        "weight_scale": 0.024682454236849085,
        "weight_zero_point": 0
    },
    "model.10.cv2.conv": {
        "input_scale": 0.12380969430517963,
        "input_zero_point": 0,
        "weight_scale": 0.0029128191508646087,
        "weight_zero_point": 0
    },
    "model.10.m.0.attn.qkv.conv": {
        "input_scale": 0.08752273950051134,
        "input_zero_point": 0,
        "weight_scale": 0.00670668459314061,
        "weight_zero_point": 0
    },
    "model.10.m.0.attn.proj.conv": {
        "input_scale": 0.06608120475228377,
        "input_zero_point": 0,
        "weight_scale": 0.005612707982851764,
        "weight_zero_point": 0
    },
    "model.10.m.0.attn.pe.conv": {
        "input_scale": 0.0828457629586768,
        "input_zero_point": 0,
        "weight_scale": 0.023103760922048973,
        "weight_zero_point": 0
    },
    "model.10.m.0.ffn.0.conv": {
        "input_scale": 0.0988546731903797,
        "input_zero_point": 0,
        "weight_scale": 0.003691349207885622,
        "weight_zero_point": 0
    },
    "model.10.m.0.ffn.1.conv": {
        "input_scale": 0.06691937934695266,
        "input_zero_point": 0,
        "weight_scale": 0.008883260366484874,
        "weight_zero_point": 0
    },
    "model.13.cv1.conv": {
        "input_scale": 0.1058473511943667,
        "input_zero_point": 0,
        "weight_scale": 0.004940978654726284,
        "weight_zero_point": 0
    },
    "model.13.cv2.conv": {
        "input_scale": 0.10117828939843365,
        "input_zero_point": 0,
        "weight_scale": 0.007936182923204317,
        "weight_zero_point": 0
    },
    "model.13.m.0.cv1.conv": {
        "input_scale": 0.07092749978613666,